{
  "rmse": 7.019277792213974,
  "mae": 1.0939706368800954,
  "n_train": 39480,
  "n_test": 9870,
  "seq_len": 24,
  "n_features": 17,
  "train_loss": [
    772.3988647460938,
    17.75478744506836,
    17.898162841796875,
    17.705087661743164,
    17.653554916381836,
    17.52248191833496,
    17.24776840209961,
    16.990556716918945,
    16.835100173950195,
    16.629474639892578,
    16.773277282714844,
    16.482404708862305,
    16.325403213500977,
    16.413908004760742,
    16.12733268737793,
    16.154987335205078,
    16.242538452148438,
    16.015884399414062,
    15.866230964660645,
    15.832212448120117,
    15.519377708435059,
    15.509716987609863,
    15.507171630859375,
    15.273571968078613,
    14.989782333374023,
    14.79244613647461,
    14.687941551208496,
    14.459840774536133,
    14.430374145507812,
    14.090141296386719,
    13.926119804382324,
    13.720356941223145,
    13.571600914001465
  ],
  "val_loss": [
    2.2063732147216797,
    2.1956703662872314,
    2.1928679943084717,
    2.176152467727661,
    2.162735939025879,
    2.1812450885772705,
    2.0931694507598877,
    2.096561908721924,
    2.1427488327026367,
    2.07417893409729,
    2.020336151123047,
    2.0212905406951904,
    2.029991388320923,
    2.0088813304901123,
    2.1239395141601562,
    2.0208942890167236,
    2.0845885276794434,
    2.0764830112457275,
    2.008399248123169,
    2.149099111557007,
    2.0206925868988037,
    2.0394070148468018,
    1.9928090572357178,
    2.151634693145752,
    2.011852264404297,
    2.062971353530884,
    2.0613505840301514,
    2.1352527141571045,
    2.0455095767974854,
    2.1341209411621094,
    2.049898147583008,
    2.057422637939453,
    2.4792490005493164
  ],
  "best_val": 1.9928090572357178,
  "best_epoch": 23,
  "epochs_trained": 33,
  "val_frac": 0.2
}