group,importance
cyc,0.2785528792862493
evt,0.14563775015557742
lag,0.40608951984546005
road,0.16971985071271325
