{"best_val": 47.35208069025969, "best_epoch": 66, "epochs_trained": 76, "val_frac": 0.1, "seq_len": 24, "train_loss": [1208.2575720584755, 958.7564512310606, 758.4588068181819, 595.1964287035393, 282.8100017200817, 92.88843432339755, 14.096349470543139, 7.58451171354814, 7.162799820755467, 7.040938008915294, 6.958294174887917, 6.968171321984493, 7.051698511297053, 6.8430063435525605, 6.8466604695175635, 6.8263402707649, 6.753814328800548, 6.738814332268455, 6.724347425229622, 6.7538526852925616, 6.666314616347805, 6.785688848206491, 6.745276335513953, 6.676832083499793, 6.737717455083674, 6.64355857444532, 6.624131332744252, 6.724024649822351, 6.695129336732807, 6.633568286895752, 6.709012623989221, 6.698629292574796, 6.601700204791444, 6.5392287066488555, 6.511611822879676, 6.614523743138169, 6.658112800482548, 6.614578434915254, 6.701511498653527, 6.626681443416711, 6.569151329271721, 6.602900237748117, 6.4986332618828975, 6.472917491739446, 6.544722513719038, 6.449576782457756, 6.476090069973107, 6.542594013792096, 6.542154355482622, 6.486595110459761, 6.505092360756614, 6.466987992777969, 6.467523936069373, 6.414511362711589, 6.4476047645915635, 6.459871176517371, 6.593012260668205, 6.315644611011852, 6.369575753356472, 6.509948773817583, 6.461090832045584, 6.365013382651589, 6.3357335798668135, 6.455153197953195, 6.3336285244334825, 6.375334855281945, 6.327121604572643, 6.457664554769343, 6.348305644411029, 6.335970921949907, 6.230407252456203, 6.193801677588261, 6.247328729340524, 6.284494183280251, 6.383120739098751, 6.270101915706288], "val_loss": [1124.99013692391, 886.5076899167871, 724.9606984883798, 489.22813223189667, 204.72841342958083, 74.75447294090976, 48.928351610648534, 47.70466485344061, 47.9276686701454, 47.736839023457854, 47.784446803461606, 47.75832243827211, 47.82746382671244, 47.86617593504801, 47.697229681145245, 47.7818004015614, 47.61669074111626, 47.54638176129646, 47.490789675161615, 47.66929663955664, 47.58368143013546, 47.60741984593768, 47.816199910240016, 47.48404717595638, 47.655382108287654, 47.44936925974213, 47.456220713483184, 47.485506555863786, 47.45036935480703, 47.536853993389784, 47.67156800853104, 47.52424304350084, 47.4854900801883, 47.47107535851102, 47.4351291295861, 47.7982110851953, 47.63047314992472, 47.438360590393806, 47.858748626308284, 47.53419497133303, 47.42890160374281, 47.51174539878589, 47.66873170172467, 47.678947786323164, 47.4763285167077, 47.425860854757936, 47.38204699804803, 47.40782236051159, 47.48501592023032, 47.737249247667165, 47.465601719728035, 47.46245664257963, 47.65218029478017, 47.770467263560334, 47.36583642949577, 47.89151695896597, 47.45765341905987, 47.8398695973789, 47.39948997352304, 47.45444319553736, 47.544628139053074, 47.48802024050921, 47.59950916606839, 47.355681667808724, 47.408562255131095, 47.35208069025969, 47.492568637643544, 47.6262610850214, 47.59354451373846, 47.74767032440971, 47.386622600194784, 47.79094740247526, 47.482540558616655, 47.41659937736367, 47.75717660358974, 47.641442483964084]}