{"best_val": 48.068264500433656, "best_epoch": 1, "epochs_trained": 1, "val_frac": 0.1, "seq_len": 6, "train_loss": [232.20432029251762], "val_loss": [48.068264500433656]}